INSERT INTO manufacturer values (101, 'Weekapaug Cor.', 'Daejeon Daedeok-Gu 949 Ave.', '1515-1235', '1');
INSERT INTO manufacturer values (102, 'Thera Breath Ma', 'Icheon Howon-eup 7139 St.', '080-123-7008', '1');
INSERT INTO manufacturer values (103, 'KM Dr.Puri', 'Anseong Miyang-dong 7-139 St.', '080-123-7108', '1');
INSERT INTO manufacturer values (104, 'Clean Cover', 'Ansan Danwon-Gu 389 St.', '031-123-1238', '1');
INSERT INTO manufacturer values (105, 'WellKeeps', 'Seoul SongPa-Gu 10 St.', '02-334-0987', '1');
INSERT INTO manufacturer values (106, 'YM' , 'Seoul GwangJIn-Gu 448 St.', '02-123-7777', '1');
INSERT INTO manufacturer values (107, 'Kukje Pharm','Seongnam Bundang-gu 96-8St.', '031-453-8798', '1');
INSERT INTO manufacturer values (108, 'Pamo', 'Hwaseong Seosin-myeon 872 St.', '031-123-3445', '1');
INSERT INTO manufacturer values (109, 'JC Living', 'Icheon Cheongbaek-ri 697 St.', '031-116-6565', '1');
INSERT INTO manufacturer values (110, 'KC Tech', 'Chungju Genaesarak 23 St.', '043-234-4555', '1');
INSERT INTO manufacturer values (111, 'Unique TS', 'Cheonan Seobuk-gu 508 Ave.', '041-672-1098', '1');
INSERT INTO manufacturer values (112, 'GreenLife', 'Seoul GangNam-Gu 110 St', '02-343-4567', '1');
INSERT INTO manufacturer values (113, 'Hana Filter', 'Yangsan Junamsandan 48 St.', '055-386-8801', '1');
INSERT INTO manufacturer values (114, 'LCM Science', 'Seoul GeumCheon-Gu 70 St.', '02-476-9283', '1');
INSERT INTO manufacturer values (115, 'LDS', 'Suwon GwonSeon-Gu 132 St.', '031-298-5970', '1');

--pps
INSERT INTO pps values ('SeoulLocalPPS', 'Seocho-Gu Banpo217, Seoul', '02-590-8888', '2000000', '400000000');
INSERT INTO pps values ('DaejeonLocalPPS', 'Seo-Gu Baejae 123, Daejeon', '070-4056-8397', '1590000', '270000000');
INSERT INTO pps values ('IncheonLocalPPS', 'Jung-Gu Ahahm 90, Incheon', '070-4056-7734', '1600000', '280000000');
INSERT INTO pps values ('BusanLocalPPS', 'Buck-Gu Gumgock 506-17, Busan', '070-4056-6555', '1900000', '300000000');
INSERT INTO pps values ('GwangjuLocalPPS', 'Buck-Gu GuagiRo 203, Gwangju', '070-4056-8230', '1890000', '280000000');
INSERT INTO pps values ('DaeguLocalPPS', 'Dalseo-Gu GongwonRo 54, Daegu', '070-4056-8888', '1880000', '290000000');
INSERT INTO pps values ('JejuLocalPPS', 'CheongsaRo 59, Jeju', '070-4056-6927', '1560000', '230000000');
INSERT INTO pps values ('GyeongnamLocalPPS', 'Uichang-Gu Sangnam 231, Gyeongsang-do', '055-239-673', '1900000', '350000000');
INSERT INTO pps values ('GyeongbukLocalPPS', 'Andong Galjeon 1155, Gyeongsang-do', '054-880-2114', '1560000', '230000000');
INSERT INTO pps values ('JeonnamLocalPPS', 'MuanGun Nam-Ak 1000, Jeonnam', '061-287-0011', '1890000', '285000000');
INSERT INTO pps values ('JeonbukLocalPPS', 'Duckjin BekjaRo 468, Jeonbuk', '070-4056-6647', '1200000', '180000000');
INSERT INTO pps values ('GangwonLocalPPS', 'Chuncheon 27, Gangwon-do', '070-4056-6897', '1600000', '280000000');
INSERT INTO pps values ('ChungBukLocalPPS', 'ChungBukRo 798, Chungju', '070-4056-6927', '1430000', '170000000');
INSERT INTO pps values ('ChungNamLocalPPS', 'SejongRo 709, Sejong', '070-4056-7432', '1800000', '200000000');
INSERT INTO pps values ('GyeongGiLocalPPS', 'Suwon Maesan 3 1-1, Gyeonggi', '031-730-4235', '1700000', '200000000');

-- customer(resident)
INSERT INTO customer values ('30181231231', 'Hong Soo Hyuk', '010-0000-0000', 'MyongJi Univ. DB2 Class', 10, '4');
INSERT INTO customer values ('30181231231', 'Hong Dependent1', '010-0000-0000', 'MyongJi Univ. DB2 Class', 10, '5');
INSERT INTO customer values ('30181231231', 'Hong Dependent2', '010-0000-0000', 'MyongJi Univ. DB2 Class', 10, '6');
INSERT INTO customer values ('30123456789', 'Kim Ah Moo Gae', '010-0000-0000', 'MyongJi Univ. DB2 Class', 10, '2');
INSERT INTO customer values ('08050049491', 'Kim Ja Yoon', '010-0000-0000', 'MyongJi Univ. DB2 Class', 10, '3');
INSERT INTO customer values ('51015202530', 'Yang Ji Seon', '010-0000-0000', 'MyongJi Univ. DB2 Class', 10, '5');
INSERT INTO customer values ('15771577157', 'Kang Da Gyo', '010-0000-0000', 'MyongJi Univ. DB2 Class', 10, '2');
INSERT INTO customer values ('11474678999', 'Kim Ju Yeon', '010-0000-0000', 'MyongJi Univ. DB2 Class', 10, '4');
INSERT INTO customer values ('20011457889', 'Lee Dong Hee', '010-0000-0000', 'MyongJi Univ. DB2 Class', 10, '5');
INSERT INTO customer values ('20141457889', 'Park Su Jin', '010-0000-0000', 'MyongJi Univ. DB2 Class', 10, '3');
INSERT INTO customer values ('30181231231', 'Seo Ji Eun', '010-0000-0000', 'MyongJi Univ. DB2 Class', 10, '2');
INSERT INTO customer values ('20141457889', 'Choi Han Seo', '010-0000-0000', 'MyongJi Univ. DB2 Class', 10, '4');
INSERT INTO customer values ('20001457889', 'Lee Jae Hyun', '010-0000-0000', 'MyongJi Univ. DB2 Class', 10, '5');
INSERT INTO customer values ('11474678999', 'Kim Sun Woo', '010-0000-0000', 'MyongJi Univ. DB2 Class', 10, '6');
INSERT INTO customer values ('11474678999', 'Kim Do Young', '010-0000-0000', 'MyongJi Univ. DB2 Class', 10, '3');
--resident
INSERT INTO resident values ('15771577157', 'Kang Da Gyo', '900000-2000000');
INSERT INTO resident values ('51015202530', 'Yang Ji Seon', '900000-2000001');
INSERT INTO resident values ('08050049491', 'Kim Ja Yoon', '900000-2000002');
INSERT INTO resident values ('30181231231', 'Hong Soo Hyuk', '900000-1000000');
INSERT INTO resident values ('30181231231', 'Hong Dependent2', '050216-2000000');
INSERT INTO resident values ('30181231231', 'Hong Dependent1', '011120-1000000');
INSERT INTO resident values ('30123456789', 'Kim Ah Moo Gae', '900000-1001234');
INSERT INTO resident values ('11474678999', 'Kim Ju Yeon', '000216-3000000');
INSERT INTO resident values ('20011457889', 'Lee Dong Hee', '001120-3000002');
INSERT INTO resident values ('20141457889', 'Park Su Jin', '901212-2000003');
INSERT INTO resident values ('30181231231', 'Seo Ji Eun', '900606-2000000');
INSERT INTO resident values ('20141457889', 'Choi Han Seo', '900405-1000001');
INSERT INTO resident values ('20001457889', 'Lee Jae Hyun', '900000-1000002');
INSERT INTO resident values ('11474678999', 'Kim Sun Woo', '001221-3000003');
INSERT INTO resident values ('11474678999', 'Kim Do Young', '900000-1000003');

--customer(foreigner)
INSERT INTO customer values ('33333333333', 'Scottie Pippen', '010-0000-0000', 'MyongJi Univ. DB2 Class', 5, '4');
INSERT INTO customer values ('23232323232', 'Michael Jordan', '010-0000-0000', 'MyongJi Univ. DB2 Class', 7, '2');
INSERT INTO customer values ('91919191919', 'Dennis Rodman', '010-0000-0000', 'MyongJi Univ. DB2 Class', 10, '3');
INSERT INTO customer values ('45454545454', 'Jay Jeong', '010-0000-0000', 'MyongJi Univ. DB2 Class', 5, '1');
INSERT INTO customer values ('78787878787', 'Mark Lee', '010-0000-0000', 'MyongJi Univ. DB2 Class', 7, '4');
INSERT INTO customer values ('98989898989', 'Deny Kim', '010-0000-0000', 'MyongJi Univ. DB2 Class', 10, '6');
INSERT INTO customer values ('44444444444', 'Adrian A', '010-0000-0000', 'MyongJi Univ. DB2 Class', 5, '2');
INSERT INTO customer values ('53535353535', 'Darren D', '010-0000-0000', 'MyongJi Univ. DB2 Class', 7, '6');
INSERT INTO customer values ('01010101010', 'Estell E', '010-0000-0000', 'MyongJi Univ. DB2 Class', 10, '5');
INSERT INTO customer values ('66666666666', 'Frank F', '010-0000-0000', 'MyongJi Univ. DB2 Class', 5, '5');
INSERT INTO customer values ('59459459459', 'Gabriella G', '010-0000-0000', 'MyongJi Univ. DB2 Class', 7, '2');
INSERT INTO customer values ('12345678999', 'Henry H', '010-0000-0000', 'MyongJi Univ. DB2 Class', 10, '2');
INSERT INTO customer values ('12781278127', 'Albert Einstein', '010-0000-0000', 'MyongJi Univ. DB2 Class', 5, '5');
INSERT INTO customer values ('11111111111', 'Joshua Hong', '010-0000-0000', 'MyongJi Univ. DB2 Class', 7, '2');
INSERT INTO customer values ('99889988998', 'Jaquan Johnson', '010-0000-0000', 'MyongJi Univ. DB2 Class', 10, '2');
--foreigner
INSERT INTO foreigner values ('91919191919', 'Dennis Rodman', '650925-1000000');
INSERT INTO foreigner values ('23232323232', 'Michael Jordan', '630217-1000000');
INSERT INTO foreigner values ('33333333333', 'Scottie Pippen', '610513-1000000');
INSERT INTO foreigner values ('44444444444', 'Adrian A', '900513-1000000');
INSERT INTO foreigner values ('53535353535', 'Darren D', '450513-1000000');
INSERT INTO foreigner values ('01010101010', 'Estell E', '850513-1000000');
INSERT INTO foreigner values ('66666666666', 'Frank F', '460513-1000000');
INSERT INTO foreigner values ('59459459459', 'Gabriella G', '990513-1000000');
INSERT INTO foreigner values ('12345678999', 'Henry H', '950713-1000000');
INSERT INTO foreigner values ('12781278127', 'Albert Einstein', '790913-1000000');
INSERT INTO foreigner values ('11111111111', 'Joshua Hong', '970613-1000000');
INSERT INTO foreigner values ('99889988998', 'Jaquan Johnson', '561223-1000000');
INSERT INTO foreigner values ('45454545454', 'Jay Jeong', '900613-1000000');
INSERT INTO foreigner values ('78787878787', 'Mark Lee', '900213-1000000');
INSERT INTO foreigner values ('98989898989', 'Deny Kim', '900465-1000000');

--representative purchase
INSERT INTO representative values ('30181231231', 'Hong Soo Hyuk', '30181231231', 'Hong Dependent2', 'Father');
INSERT INTO representative values ('30181231231', 'Hong Soo Hyuk', '30123456789', 'Kim Ah Moo Gae', 'Volunteer');
INSERT INTO representative values ('11474678999', 'Kim Do Young','11474678999', 'Kim Sun Woo', 'Father');
INSERT INTO representative values ('20141457889', 'Park Su Jin', '20141457889', 'Choi Han Seo', 'Mother');
INSERT INTO representative values ('12345678999', 'Henry H', '59459459459', 'Gabriella G', 'Volunteer');
INSERT INTO representative values ('20001457889', 'Lee Jae Hyun', '44444444444', 'Adrian A', 'Volunteer');

--retailstore(pharmacy) city street detail
INSERT INTO retailstore values('104-20-58321', 'Daegil Pharmacy', 'Seoul', '201', 'Buk-Gu ilgokmaeulRo 1Floor', '062-241-7877', 255);
INSERT INTO retailstore values('124-51-45216', 'Seon Pharmacy', 'Seoul','202', 'Seongbuk-Gu DolgojiRo 41, Seoul', '02-2458-3547', 255);
INSERT INTO retailstore values('541-22-16997', 'Optima Pharmacy','Seoul','203', 'Yancheon-Gu JungangRo 100, Seoul', '02-4621-8239', 400);
INSERT INTO retailstore values('787-87-32587', 'Maeum Pharmacy','Seoul','204', 'Danwon-Gu GwangRo 75, Ansan', '031-877-4325', 300);
INSERT INTO retailstore values('100-25-48745','Jin Pharmacy','Seoul','205', 'Siheung-Si Siheung-ro 5, Gyeonggido', '02-7415-4589',350);
INSERT INTO retailstore values('101-58-74100','YeoYu Pharmacy','Busan','220','Seongbuk-Gu DolgojiRo 41','02-0210-2536',400);
INSERT INTO retailstore values('115-45-78450','Bareun Pharmacy','Busan','221','Gangseo-Gu DeungchonRo 20','02-1221-3655',350);
INSERT INTO retailstore values('102-41-74510','Jungang Pharmacy','Busan','222','Jongno-Gu DolRo 11','02-5454-4512',400);
INSERT INTO retailstore values('310-21-45690','DongWoo Pharmacy','Busan','223','Gangnam-Gu GaepoRo 1','02-1212-1212',355);
INSERT INTO retailstore values('101-46-85230','Onnuri Pharmacy','Busan','224','Seodaemun-Gu MyungjiRo 200','02-9166-9166',400);
INSERT INTO retailstore values('115-25-58960','Charm Pharmacy','Daejeon','250','Eunpyeong-Gu demunRo 410','02-1111-1111',350);
INSERT INTO retailstore values('112-56-86940','Saemmul Pharmacy','Daejeon','251','Mapo-Gu jiRo 771','02-8455-4545',400);
INSERT INTO retailstore values('125-11-10120','Family Pharmacy','Daejeon','252','Mapo-Gu MapoRo 11','02-7410-4141',255);
INSERT INTO retailstore values('108-44-10100','Daon Pharmacy','Daejeon','253','Seocho-Gu MijiRo 201','02-8855-8899',400);
INSERT INTO retailstore values('210-21-35120','Chodang Pharmacy','Daejeon','254','Guro-Gu GyeonRo 40','02-4166-6666',350);

--pharmacy
INSERT INTO Pharmacy values('104-20-58321','11100802');
INSERT INTO Pharmacy values('124-51-45216','23541101');
INSERT INTO Pharmacy values('541-22-16997','10224512');
INSERT INTO Pharmacy values('787-87-32587','11789985');
INSERT INTO Pharmacy values('100-25-48745','12001214');
INSERT INTO Pharmacy values('101-58-74100','21425654');
INSERT INTO Pharmacy values('115-45-78450','18985612');
INSERT INTO Pharmacy values('102-41-74510','98541215');
INSERT INTO Pharmacy values('310-21-45690','32356512');
INSERT INTO Pharmacy values('101-46-85230','22222222');
INSERT INTO Pharmacy values('115-25-58960','11115555');
INSERT INTO Pharmacy values('112-56-86940','11001144');
INSERT INTO Pharmacy values('125-11-10120','85201478');
INSERT INTO Pharmacy values('108-44-10100','96321014');
INSERT INTO Pharmacy values('210-21-35120','87452100');

--retailstore(postoffice and nh)
INSERT INTO retailstore values('111-31-15889', 'Jeungpyeong Post Office', 'Seoul', '918','Jeungpyeong-gun JungangRo 208', '043-245-2001', 255);
INSERT INTO retailstore values('655-95-12451', 'Dongnae Hanaro Mart','Seoul', '191', 'Dongnae-Gu Myeongnyun-ro 28', '051-550-8571', 355);
INSERT INTO retailstore values('208-44-97265', 'Bongdeok Hanaro Mart','Seoul', '6488', 'Nam-gu Bongdeok-ro 105', '035-2001-7878', 400);
INSERT INTO retailstore values('135-12-48513', 'Saetteum Hanaro Mart','Seoul', '688', 'Saeromjungang1-ro 13', '044-7373-5877', 255);
INSERT INTO retailstore values('106-54-2321','Yuseong Post Office','Busan', '89231','Yuseong-Gu Oncheon-ro 51','042-828-9114',410);
INSERT INTO retailstore values('102-84-1548','Seonhwa Post Office','Busan', '5449','Jung-Gu Jungang-ro 5','042-741-1010',255);
INSERT INTO retailstore values('109-84-7410','Sojedong Post Office','Busan', '279','Dong-Gu Gyejok-ro 271','042-895-7777',355);
INSERT INTO retailstore values('214-21-0102','Gunbuk Post Office','Busan', '805','Gunbuk-Myeon baek-gil 3 Floor','043-7841-4511',400);
INSERT INTO retailstore values('104-10-7652','Oryong Hanaro Mart','Busan', '456','Gangbuk-Gu Dobongro 38','02-1111-7845',355);
INSERT INTO retailstore values('102-78-7423','Daechung Hanaro Mart','Daejeon', '332','Yeongdeungpo-Gu Seonyu-ro 59','02-1411-5230',405);
INSERT INTO retailstore values('116-88-2323','Wabu Hanaro Mart','Daejeon', '766','Wabu-eup Sure-ro 150','031-225-5412',255);
INSERT INTO retailstore values('109-96-2031','Mia Hanaro Mart','Daejeon', '7667','Gangbuk-Gu Dobongro 18','02-787-1254',420);
INSERT INTO retailstore values('105-28-2588','Ojeong Hanaro Mart','Daejeon', '7690','Bucheon-Si Sosa-ro 790','02-451-5485',200);
INSERT INTO retailstore values('102-25-7598','Mullae Hanaro Mart','Daejeon', '147','Yeongdeungpo-Gu Seonyu-ro 59','02-7784-3652',255);
INSERT INTO retailstore values('111-21-5411','Sajik Hanaro Mart','Daejeon', '951','Jongno-Gu Sajik-ro 4','02-1145-7800',205);

--postoffice and nh
INSERT INTO PostOfficeNH values('111-31-15889', '1178569'); 
INSERT INTO PostOfficeNH values('655-95-12451', '1555478');
INSERT INTO PostOfficeNH values('208-44-97265', '1026510');
INSERT INTO PostOfficeNH values('135-12-48513', '2124125');
INSERT INTO PostOfficeNH values('106-54-2321', '0555945'); 
INSERT INTO PostOfficeNH values('102-84-1548', '7777777');
INSERT INTO PostOfficeNH values('109-84-7410', '2222222');
INSERT INTO PostOfficeNH values('214-21-0102', '0202548');
INSERT INTO PostOfficeNH values('104-10-7652', '5612489');
INSERT INTO PostOfficeNH values('102-78-7423', '1234567'); 
INSERT INTO PostOfficeNH values('116-88-2323', '9562695');
INSERT INTO PostOfficeNH values('109-96-2031', '0215486');
INSERT INTO PostOfficeNH values('105-28-2588', '0000145');
INSERT INTO PostOfficeNH values('102-25-7598', '5548941');
INSERT INTO PostOfficeNH values('111-21-5411', '2020818');

--employee
INSERT INTO employee values(11, '104-20-58321', 'Changsu Park', '010-8520-2541', '4');
INSERT INTO employee values(12, '104-20-58321', 'Jeongbin Park', '010-7845-7474', '5');
INSERT INTO employee values(13, '104-20-58321', 'Yeseo Ha', '010-1241-7751', '2');
INSERT INTO employee values(14, '104-20-58321', 'Chaeyeon Won', '010-2357-1101', '3');
INSERT INTO employee values(15, '104-20-58321', 'Hyewon Kang', '010-5568-6215', '6');

INSERT INTO employee values(9, '111-31-15889', 'Jabaek Ku', '010-1014-7454', '5');

INSERT INTO employee values(20, '124-51-45216', 'Siyoung Park', '010-2784-4114', '2');

INSERT INTO employee values(23, '135-12-48513', 'Insuk Lee', '010-2268-4145', '4');
INSERT INTO employee values(7, '135-12-48513', 'Hyeonmin Jo', '010-1101-3155', '6');

INSERT INTO employee values(51, '208-44-97265', 'Gyuseong Lee', '010-4610-8102', '3');

INSERT INTO employee values(91, '210-21-35120', 'Target Employee', '010-1475-5559', '4');

INSERT INTO employee values(3, '541-22-16997', 'Gildong Hong', '010-1215-7844', '2');

INSERT INTO employee values(14, '655-95-12451', 'Sujin Park', '010-4124-7821', '6');
INSERT INTO employee values(45, '655-95-12451', 'Misun Han', '010-4577-3147', '6');

INSERT INTO employee values(5, '787-87-32587', 'Miryeo Kim', '010-1523-4510', '3');
INSERT INTO employee values(4, '787-87-32587', 'Jisoo Lim', '010-3322-4574', '5');

-- warehousing of goods(pps - retailstore)
INSERT INTO RetailStore_WOG values('104-20-58321', 'ChungBukLocalPPS', '07-DEC-20', 1500);
INSERT INTO RetailStore_WOG values('124-51-45216', 'SeoulLocalPPS', '07-DEC-20', 2000);
INSERT INTO RetailStore_WOG values('541-22-16997', 'SeoulLocalPPS', '07-DEC-20', 1500);
INSERT INTO RetailStore_WOG values('787-87-32587', 'SeoulLocalPPS', '08-DEC-20', 1000);
INSERT INTO RetailStore_WOG values('100-25-48745', 'SeoulLocalPPS', '07-DEC-20', 550);
INSERT INTO RetailStore_WOG values('101-58-74100', 'SeoulLocalPPS', '08-DEC-20', 400);
INSERT INTO RetailStore_WOG values('115-45-78450', 'SeoulLocalPPS', '08-DEC-20', 500);
INSERT INTO RetailStore_WOG values('102-41-74510', 'SeoulLocalPPS', '07-DEC-20', 250);
INSERT INTO RetailStore_WOG values('310-21-45690', 'GyeongGiLocalPPS', '07-DEC-20', 500);
INSERT INTO RetailStore_WOG values('101-46-85230', 'SeoulLocalPPS', '07-DEC-20', 550);
INSERT INTO RetailStore_WOG values('115-25-58960', 'SeoulLocalPPS', '07-DEC-20', 1000);
INSERT INTO RetailStore_WOG values('112-56-86940', 'SeoulLocalPPS', '07-DEC-20', 500);
INSERT INTO RetailStore_WOG values('125-11-10120', 'SeoulLocalPPS', '07-DEC-20', 750);
INSERT INTO RetailStore_WOG values('108-44-10100', 'SeoulLocalPPS', '07-DEC-20', 900);
INSERT INTO RetailStore_WOG values('210-21-35120', 'SeoulLocalPPS', '07-DEC-20', 500);
INSERT INTO RetailStore_WOG values('111-31-15889', 'JeonbukLocalPPS', '08-DEC-20', 800);
INSERT INTO RetailStore_WOG values('655-95-12451', 'GwangjuLocalPPS', '08-DEC-20', 700);
INSERT INTO RetailStore_WOG values('208-44-97265', 'DaeguLocalPPS', '07-DEC-20', 700);
INSERT INTO RetailStore_WOG values('135-12-48513', 'JejuLocalPPS', '08-DEC-20', 600);
INSERT INTO RetailStore_WOG values('106-54-2321', 'GyeongnamLocalPPS', '07-DEC-20', 700);
INSERT INTO RetailStore_WOG values('102-84-1548', 'GyeongbukLocalPPS', '07-DEC-20', 1000);
INSERT INTO RetailStore_WOG values('109-84-7410', 'JeonnamLocalPPS', '07-DEC-20', 500);
INSERT INTO RetailStore_WOG values('214-21-0102', 'JeonbukLocalPPS', '08-DEC-20', 750);
INSERT INTO RetailStore_WOG values('104-10-7652', 'GangwonLocalPPS', '08-DEC-20', 500);
INSERT INTO RetailStore_WOG values('102-78-7423', 'ChungBukLocalPPS','07-DEC-20', 300);
INSERT INTO RetailStore_WOG values('116-88-2323', 'ChungNamLocalPPS', '08-DEC-20', 200);
INSERT INTO RetailStore_WOG values('109-96-2031', 'ChungNamLocalPPS', '07-DEC-20', 200);
INSERT INTO RetailStore_WOG values('105-28-2588', 'GyeongGiLocalPPS', '07-DEC-20', 400);
INSERT INTO RetailStore_WOG values('102-25-7598', 'GangwonLocalPPS', '08-DEC-20', 500);
INSERT INTO RetailStore_WOG values('111-21-5411', 'SeoulLocalPPS', '08-DEC-20', 1000);

-- supply history(manufacturer - pps)
INSERT INTO supplyhistory values('SeoulLocalPPS', '112', '07-DEC-20', '3000000');
INSERT INTO supplyhistory values('SeoulLocalPPS', '112', '09-DEC-20', '3000000');
INSERT INTO supplyhistory values('SeoulLocalPPS', '112', '11-DEC-20', '3000000');
INSERT INTO supplyhistory values('DaejeonLocalPPS', '101', '07-DEC-20', '1670000');
INSERT INTO supplyhistory values('DaejeonLocalPPS', '101', '10-DEC-20', '1500000');
INSERT INTO supplyhistory values('GyeongGiLocalPPS', '102', '10-DEC-20', '1700000');
INSERT INTO supplyhistory values('GyeongGiLocalPPS', '103', '09-DEC-20', '1750000');
INSERT INTO supplyhistory values('SeoulLocalPPS', '104', '10-DEC-20', '1500000');
INSERT INTO supplyhistory values('SeoulLocalPPS', '105', '09-DEC-20', '1500000');
INSERT INTO supplyhistory values('GyeongGiLocalPPS', '106', '09-DEC-20', '1400000');
INSERT INTO supplyhistory values('GyeongGiLocalPPS', '107', '09-DEC-20', '1400000');
INSERT INTO supplyhistory values('GangwonLocalPPS', '108', '09-DEC-20', '1300000');
INSERT INTO supplyhistory values('IncheonLocalPPS', '109', '09-DEC-20', '1700000');
INSERT INTO supplyhistory values('ChungBukLocalPPS', '110', '09-DEC-20', '1200000');
INSERT INTO supplyhistory values('ChungNamLocalPPS', '111', '09-DEC-20', '800000');
INSERT INTO supplyhistory values('BusanLocalPPS', '112', '09-DEC-20', '800000');
INSERT INTO supplyhistory values('GwangjuLocalPPS', '113', '09-DEC-20', '800000');
INSERT INTO supplyhistory values('GwangjuLocalPPS', '113', '11-DEC-20', '1500000');
INSERT INTO supplyhistory values('BusanLocalPPS', '114', '11-DEC-20', '1800000');
INSERT INTO supplyhistory values('DaeguLocalPPS', '115', '09-DEC-20', '1700000');
INSERT INTO supplyhistory values('SeoulLocalPPS', '106', '07-DEC-20', '1670000');

--sales history(retailestore - customer, sorted by mon, tue...)
INSERT INTO saleshistory values('15771577157', 'Kang Da Gyo', '124-51-45216', '7-DEC-20', '10');
INSERT INTO saleshistory values('23232323232', 'Michael Jordan', '787-87-32587', '7-DEC-20', '7');
INSERT INTO saleshistory values('30123456789', 'Kim Ah Moo Gae', '787-87-32587', '7-DEC-20', '10');
INSERT INTO saleshistory values('30181231231', 'Seo Ji Eun', '541-22-16997', '7-DEC-20', '10');
INSERT INTO saleshistory values('59459459459', 'Gabriella G', '124-51-45216', '7-DEC-20', '7');
--
INSERT INTO saleshistory values('12345678999', 'Henry H', '124-51-45216', '7-DEC-20', '10');
INSERT INTO saleshistory values('11111111111', 'Joshua Hong', '787-87-32587', '7-DEC-20', '7');
INSERT INTO saleshistory values('99889988998', 'Jaquan Johnson', '541-22-16997', '7-DEC-20', '10');
INSERT INTO saleshistory values('44444444444', 'Adrian A', '541-22-16997', '7-DEC-20', '5');
INSERT INTO saleshistory values('45454545454', 'Jay Jeong', '101-58-74100', '7-DEC-20', '5');

INSERT INTO saleshistory values('08050049491', 'Kim Ja Yoon', '101-58-74100', '8-DEC-20', '10');
INSERT INTO saleshistory values('91919191919', 'Dennis Rodman', '124-51-45216', '8-DEC-20', '10');
INSERT INTO saleshistory values('20141457889', 'Park Su Jin', '115-45-78450', '8-DEC-20', '10');
INSERT INTO saleshistory values('11474678999', 'Kim Do Young', '111-31-15889', '8-DEC-20', '10');

INSERT INTO saleshistory values('30181231231', 'Hong Soo Hyuk', '210-21-35120', '9-DEC-20', 10);
INSERT INTO saleshistory values('33333333333', 'Scottie Pippen', '210-21-35120', '9-DEC-20', 5);
INSERT INTO saleshistory values('11474678999', 'Kim Ju Yeon', '108-44-10100', '9-DEC-20', 10);
INSERT INTO saleshistory values('20141457889', 'Choi Han Seo', '125-11-10120', '9-DEC-20', 10);
INSERT INTO saleshistory values('78787878787', 'Mark Lee', '112-56-86940', '9-DEC-20', 7);

INSERT INTO saleshistory values('51015202530', 'Yang Ji Seon', '208-44-97265', '10-DEC-20', 10);
INSERT INTO saleshistory values('30181231231', 'Hong Dependent1', '135-12-48513', '10-DEC-20', 10);
INSERT INTO saleshistory values('20011457889', 'Lee Dong Hee', '106-54-2321', '10-DEC-20', 10);
INSERT INTO saleshistory values('20001457889', 'Lee Jae Hyun', '102-84-1548', '10-DEC-20', 10);
INSERT INTO saleshistory values('12781278127', 'Albert Einstein', '109-84-7410', '10-DEC-20', 5);
INSERT INTO saleshistory values('01010101010', 'Estell E', '102-84-1548', '10-DEC-20', 10);
INSERT INTO saleshistory values('66666666666', 'Frank F', '109-84-7410', '10-DEC-20', 5);

INSERT INTO saleshistory values('30181231231', 'Hong Dependent2', '135-12-48513', '11-DEC-20', 10);
INSERT INTO saleshistory values('11474678999', 'Kim Sun Woo', '105-28-2588', '11-DEC-20', 10);
INSERT INTO saleshistory values('98989898989', 'Deny Kim', '102-25-7598', '11-DEC-20', 10);
INSERT INTO saleshistory values('53535353535', 'Darren D', '111-21-5411', '11-DEC-20', 7);

-- sample data for sql
INSERT INTO customer values ('74125896325', 'sample', '010-0000-0000', 'MyongJi Univ. DB2 Class', 15, '1');
INSERT INTO foreigner values ('74125896325', 'sample', '650925-1000000');
INSERT INTO saleshistory values('74125896325', 'sample', '210-21-35120', '13-DEC-20', 5);
INSERT INTO saleshistory values('74125896325', 'sample', '210-21-35120', '14-DEC-20', 10);